job_id,instance_id,submit_time_ms,mesos_start_time_ms,start_time_ms,end_time_ms,hostname,slave_id,status,reason,user,mem,cpus,job_name,requested_run_time,requested_status
591c9805-94bd-451e-9fc1-c6684603557d,91565fa4-afcf-44e0-ab3a-13f17b89971e,1495145103733,1495146723735,1495146723735,1495147833733,3,a45be252-35f7-434a-8ec3-1e85265213ac,:instance.status/success,,c,2696.0,3.0,dummy_job,1100897,finished
591c9805-d0ac-4db7-9eab-7f038ebc1a58,4153b7d4-2399-4745-9838-f429e3662c41,1495145073739,1495146723735,1495146723735,1495148433733,4,67194c23-61d6-4901-87a8-38d84af57f95,:instance.status/success,,b,2130.0,1.0,dummy_job,1689714,finished
591c9805-05ba-4c2f-bce7-091bb1fc6879,802c9320-3c09-4dc7-809b-c88a1d488480,1495145253742,1495151253735,1495151253735,1495152123735,2,4696a9c8-fc9f-46b4-8a83-23b384f3f616,:instance.status/running,,b,2764.0,1.0,dummy_job,1498509,finished
591c9805-9b37-465e-abac-c2acebcae88d,bd66b73c-03f0-4c94-a8ff-c53138079420,1495145133734,1495146813735,1495146813735,1495148613733,0,a05a4ac2-7eb2-40a1-8259-111b961874c1,:instance.status/success,,c,2637.0,2.0,dummy_job,1798304,finished
591c9805-7ffb-44f0-81d0-c7543e6ee56e,4bac77bd-a025-4e0c-ab4d-5c06637116c0,1495145283732,1495151343735,1495151343735,1495152063733,1,eba83456-8596-44c2-9de5-fb29cfaf1647,:instance.status/success,,b,2805.0,2.0,dummy_job,695752,finished
591c9805-5519-4581-b5c1-cadccffc6192,873b90aa-30ec-4c4c-8d74-01ffdc4d7ca1,1495145073738,1495146843735,1495146843735,1495147983733,2,4696a9c8-fc9f-46b4-8a83-23b384f3f616,:instance.status/success,,a,2418.0,1.0,dummy_job,1114235,finished
591c9805-b2b3-4d86-96b9-fb331ccc92b5,39db8659-f6f5-48a9-bfce-dab7262f6aa7,1495145373741,1495151433735,1495151433735,1495152123735,0,a05a4ac2-7eb2-40a1-8259-111b961874c1,:instance.status/running,,a,2936.0,2.0,dummy_job,1755566,finished
591c9805-7f6d-435f-9fff-5371e5fce706,7b7d3bbb-3880-4739-8f01-3d522a53c435,1495145073741,1495146903735,1495146903735,1495147623733,4,67194c23-61d6-4901-87a8-38d84af57f95,:instance.status/success,,a,2315.0,3.0,dummy_job,695402,finished
591c9805-8dec-47ba-8ab2-fd56d07495a4,cbbe0e57-d663-4f01-93da-154c9d3ab452,1495145313739,1495151583735,1495151583735,1495152123735,4,67194c23-61d6-4901-87a8-38d84af57f95,:instance.status/running,,b,2785.0,3.0,dummy_job,1270162,finished
591c9805-d04c-41b7-b081-00e7e6d7ace3,a5c5e556-16d5-4f5a-995a-4b796145a95b,1495145013740,1495147083735,1495147083735,1495147833733,1,eba83456-8596-44c2-9de5-fb29cfaf1647,:instance.status/success,,d,2483.0,2.0,dummy_job,747943,finished
591c9805-27cf-47a2-9018-9b4ea5622f60,83eeaaa5-e54a-4ca0-ab80-382a00bf989f,1495145313741,1495151613735,1495151613735,1495152123735,2,4696a9c8-fc9f-46b4-8a83-23b384f3f616,:instance.status/running,,b,2443.0,3.0,dummy_job,1521709,finished
591c9805-9570-44a3-9b72-bd0c9d7834a8,4ed403ad-d499-4483-8d98-8aaa03733f71,1495145133737,1495147083735,1495147083735,1495147953733,4,67194c23-61d6-4901-87a8-38d84af57f95,:instance.status/success,,c,2610.0,3.0,dummy_job,863186,finished
591c9805-9389-4aa7-bd3d-2fdc63014106,0a5d0e97-04f6-4a1e-af4b-59226ff02c1a,1495144953732,1495144953747,1495144953747,1495145823733,0,a05a4ac2-7eb2-40a1-8259-111b961874c1,:instance.status/success,,d,2830.0,3.0,dummy_job,847634,finished
591c9805-af8c-4aaf-a7e4-a298ef00bbb4,fe26e0a1-dea7-4631-8466-7951bad60fc0,1495144953736,1495144953747,1495144953747,1495146033733,0,a05a4ac2-7eb2-40a1-8259-111b961874c1,:instance.status/success,,b,2020.0,3.0,dummy_job,1061746,finished
591c9805-91e9-4bab-adc2-5c3bb1d2fac0,02523f35-bcee-4d1e-ac22-a75a4cec9a47,1495145013743,1495147233735,1495147233735,1495148493733,4,67194c23-61d6-4901-87a8-38d84af57f95,:instance.status/success,,d,2244.0,2.0,dummy_job,1239201,finished
591c9805-565c-47ca-961f-503fd3861dff,58b17889-a836-4d48-8d36-d625cc435bb9,1495144953737,1495144953747,1495144953747,1495145883733,0,a05a4ac2-7eb2-40a1-8259-111b961874c1,:instance.status/success,,a,2977.0,2.0,dummy_job,923567,finished
591c9805-4a4c-41a2-99ac-fadd76695421,6854df46-0e0f-446c-ae59-adf1e5f80f26,1495144953733,1495144953747,1495144953747,1495146003733,1,eba83456-8596-44c2-9de5-fb29cfaf1647,:instance.status/success,,c,2762.0,1.0,dummy_job,1040484,finished
591c9805-1865-4933-a091-2ee79cdc670f,8b04b0eb-1eae-4706-9a06-e99877c1bef1,1495144953735,1495144953747,1495144953747,1495146543733,1,eba83456-8596-44c2-9de5-fb29cfaf1647,:instance.status/success,,a,2412.0,3.0,dummy_job,1574247,finished
591c9805-dcff-4fc6-9c7d-15e47dfe6e34,b65eb99c-1aa9-4490-ac9e-b1667684a337,1495144953734,1495144953747,1495144953747,1495146723733,3,a45be252-35f7-434a-8ec3-1e85265213ac,:instance.status/success,,c,2615.0,1.0,dummy_job,1751764,finished
591c9805-fc9b-49b4-9ac7-aac3e63b6660,d12f54ea-8c13-46cf-83e1-2dbbe70314ff,1495145433734,1495152063735,1495152063735,1495152123735,1,eba83456-8596-44c2-9de5-fb29cfaf1647,:instance.status/running,,a,2818.0,3.0,dummy_job,1015492,finished
591c9805-82fb-4e33-af0c-628f7d969dc4,26df995a-7394-4abc-92f2-c0382d714b69,1495144953741,1495147323735,1495147323735,1495148973733,2,4696a9c8-fc9f-46b4-8a83-23b384f3f616,:instance.status/success,,b,2953.0,1.0,dummy_job,1627139,finished
591c9805-b78d-49fd-a6af-e023b8f0f161,6f73a504-ea85-4f40-8b2e-dc2e08e1f364,1495145433736,1495152063735,1495152063735,1495152123735,3,a45be252-35f7-434a-8ec3-1e85265213ac,:instance.status/running,,a,2807.0,3.0,dummy_job,667081,finished
591c9805-aa9a-4a82-864d-34493922701c,5e786db0-b1a3-41da-a213-90078d0b90c5,1495145073735,1495147353735,1495147353735,1495148103733,0,a05a4ac2-7eb2-40a1-8259-111b961874c1,:instance.status/success,,d,2194.0,1.0,dummy_job,738744,finished
591c9805-9a54-48db-a070-38552763767c,44fbb6f6-35b5-426a-93dc-f0894a8bd72a,1495145133736,1495147413735,1495147413735,1495148313733,2,4696a9c8-fc9f-46b4-8a83-23b384f3f616,:instance.status/success,,a,2058.0,3.0,dummy_job,879108,finished
591c9805-1fda-4b04-9c2e-634a20069cf9,8223d490-e547-4cdc-abe0-b6a5e5cada9e,1495145073733,1495147533735,1495147533735,1495149003733,3,a45be252-35f7-434a-8ec3-1e85265213ac,:instance.status/success,,d,2793.0,3.0,dummy_job,1453444,finished
591c9805-e55d-4a0f-8c3d-f261af4d9f34,219dd440-5194-4acf-b85b-26a80f344beb,1495145313742,1495152123735,1495152123735,1495152123735,4,67194c23-61d6-4901-87a8-38d84af57f95,:instance.status/running,,b,2907.0,3.0,dummy_job,1350031,finished
591c9805-4190-4a0c-b9e3-80aed5000de1,f9094edc-286f-42b2-a22a-4ee65b7e4b12,1495145073737,1495147563735,1495147563735,1495148673733,1,eba83456-8596-44c2-9de5-fb29cfaf1647,:instance.status/success,,b,2695.0,1.0,dummy_job,1082455,finished
591c9805-47fc-4020-bb29-ac21109c49e6,ab31b9de-374b-4194-a4ef-bc032eb390bd,1495145103732,1495147623735,1495147623735,1495148523733,4,67194c23-61d6-4901-87a8-38d84af57f95,:instance.status/success,,a,2623.0,2.0,dummy_job,894247,finished
591c9805-40c4-466a-ab73-0ca9be21f2c5,113fe4a8-fa73-4612-b0b7-8d621c720596,1495145073740,1495147683735,1495147683735,1495148493733,2,4696a9c8-fc9f-46b4-8a83-23b384f3f616,:instance.status/success,,d,2262.0,3.0,dummy_job,791691,finished
591c9805-4231-469d-80ca-c09266a0713c,30caa733-5361-4bfb-b547-654c1f5c20ba,1495145193732,1495147713735,1495147713735,1495149033733,1,eba83456-8596-44c2-9de5-fb29cfaf1647,:instance.status/success,,a,2047.0,2.0,dummy_job,1300068,finished
591c9805-34d4-462d-bcd8-bcfc86573cfe,b9377ab5-c76a-4d53-9275-c2dc76135d77,1495145133733,1495147743735,1495147743735,1495149333733,0,a05a4ac2-7eb2-40a1-8259-111b961874c1,:instance.status/success,,b,2601.0,2.0,dummy_job,1574273,finished
591c9805-5c15-4ee5-91dc-1daee0ae797f,79d8609b-b9a1-4caa-8e8d-a72b828d5634,1495145133738,1495147833735,1495147833735,1495148733733,1,eba83456-8596-44c2-9de5-fb29cfaf1647,:instance.status/success,,c,2800.0,1.0,dummy_job,874920,finished
591c9805-5021-488d-9c3d-5b867491f4e2,bbad9961-6af3-48e8-9dd0-f304d7e567df,1495145133739,1495147833735,1495147833735,1495149153733,3,a45be252-35f7-434a-8ec3-1e85265213ac,:instance.status/success,,c,2895.0,1.0,dummy_job,1294044,finished
591c9805-d5ce-4132-ad60-1d03b0acec9b,9f37e715-c0d6-45b0-bfca-b2025b12d17d,1495145133735,1495147953735,1495147953735,1495149183733,0,a05a4ac2-7eb2-40a1-8259-111b961874c1,:instance.status/success,,d,2402.0,2.0,dummy_job,1216866,finished
591c9805-eb73-401b-9059-fcb2079f34a7,e31eaff5-f09a-4abe-a626-f4172546b496,1495145133740,1495147953735,1495147953735,1495148703733,4,67194c23-61d6-4901-87a8-38d84af57f95,:instance.status/success,,c,2666.0,1.0,dummy_job,737726,finished
591c9805-3e59-4bff-bc3b-be7f68b7bc3a,8ad15ddb-acdb-4593-8f92-43aac5b6e64f,1495145193733,1495147983735,1495147983735,1495149213733,2,4696a9c8-fc9f-46b4-8a83-23b384f3f616,:instance.status/success,,c,2084.0,1.0,dummy_job,1205637,finished
591c9805-3ec7-4d22-bad1-935459bd2407,d2571997-23f7-443a-9f7e-0b9e42f1529e,1495145253733,1495148103735,1495148103735,1495149153733,0,a05a4ac2-7eb2-40a1-8259-111b961874c1,:instance.status/success,,d,2009.0,3.0,dummy_job,1021028,finished
591c9805-9c85-4ba6-870a-94b8cf8be5e6,713ca928-5c22-4a47-94bb-aa5ba61e9777,1495145193736,1495148103735,1495148103735,1495149273733,1,eba83456-8596-44c2-9de5-fb29cfaf1647,:instance.status/success,,c,2107.0,1.0,dummy_job,1151987,finished
591c9805-41c9-4396-92ca-44035ecf8e20,bffb5625-5d76-4faf-9cde-29de808db655,1495145193740,1495148313735,1495148313735,1495149723733,2,4696a9c8-fc9f-46b4-8a83-23b384f3f616,:instance.status/success,,a,2602.0,1.0,dummy_job,1381844,finished
591c97d8-1a66-49ec-abd6-cf1165b28799,b75dbf02-c57c-4caa-a634-e5bcdd4b7be3,1495144863732,1495144863736,1495144863736,1495146033733,4,67194c23-61d6-4901-87a8-38d84af57f95,:instance.status/success,,a,2817.0,2.0,dummy_job,1157730,finished
591c9805-58d8-4b7f-ab90-e34b29f1fa53,24688b2c-5868-432b-9e46-180df56eef3e,1495145193735,1495148313735,1495148313735,1495149723733,3,a45be252-35f7-434a-8ec3-1e85265213ac,:instance.status/success,,a,2733.0,1.0,dummy_job,1393362,finished
591c9805-365f-4282-80d4-ba8a9286ccf3,e5691b2c-a9ad-4591-a45c-e207beaacccd,1495145253735,1495148433735,1495148433735,1495150233733,4,67194c23-61d6-4901-87a8-38d84af57f95,:instance.status/success,,a,2232.0,2.0,dummy_job,1799200,finished
591c9805-41b3-4abe-90d2-49cd0f3afe9e,579957b8-b9fa-45a1-affd-070b0250745e,1495145193741,1495148493735,1495148493735,1495149663733,2,4696a9c8-fc9f-46b4-8a83-23b384f3f616,:instance.status/success,,c,2252.0,2.0,dummy_job,1146075,finished
591c9805-5934-4d7b-9512-f3c95c2c7239,361d5edd-f953-4904-aeee-36e437438fec,1495145373732,1495148493735,1495148493735,1495150113733,4,67194c23-61d6-4901-87a8-38d84af57f95,:instance.status/success,,d,2342.0,2.0,dummy_job,1603326,finished
591c9805-64a7-420c-b4e1-a5b4f69fa1fe,b49eae09-134e-4e55-8288-2ac5d537bc63,1495145253743,1495148523735,1495148523735,1495149333733,4,67194c23-61d6-4901-87a8-38d84af57f95,:instance.status/success,,d,2657.0,1.0,dummy_job,785293,finished
591c9805-b13c-4a4d-aa5d-7de1f60462bd,a1a5263d-1024-4c87-8a6c-83c68edbf1ef,1495145133732,1495148613735,1495148613735,1495149933733,0,a05a4ac2-7eb2-40a1-8259-111b961874c1,:instance.status/success,,b,2951.0,1.0,dummy_job,1301963,finished
591c9805-207e-404e-993d-1bcd661c6b67,d3668af1-464d-4c85-aff3-a541a4d03b8e,1495145193737,1495148673735,1495148673735,1495149453733,1,eba83456-8596-44c2-9de5-fb29cfaf1647,:instance.status/success,,b,2841.0,3.0,dummy_job,776470,finished
591c9805-0826-47ad-a3db-ce5b4e38bbf9,46e6c046-3f65-484f-9a0d-416f72c22d5c,1495145193734,1495148703735,1495148703735,1495150263733,4,67194c23-61d6-4901-87a8-38d84af57f95,:instance.status/success,,c,2643.0,2.0,dummy_job,1530272,finished
591c9805-edf6-4e10-a9d8-4fd6cb701c68,5e0be0bf-d646-4129-b46f-37b80aab7843,1495145193742,1495148733735,1495148733735,1495150263733,1,eba83456-8596-44c2-9de5-fb29cfaf1647,:instance.status/success,,a,2940.0,2.0,dummy_job,1515483,finished
591c9805-1aa5-461e-b6b4-d998c912375b,40fe77c5-ce47-4dc0-ae1a-05b946870dc6,1495145193739,1495148973735,1495148973735,1495150323733,2,4696a9c8-fc9f-46b4-8a83-23b384f3f616,:instance.status/success,,b,2840.0,1.0,dummy_job,1322070,finished
591c9805-6a25-4cfe-bd7f-740141cf8f27,29f52de5-31bc-4692-8f87-981557539505,1495145253744,1495149003735,1495149003735,1495150653733,3,a45be252-35f7-434a-8ec3-1e85265213ac,:instance.status/success,,d,2793.0,3.0,dummy_job,1621856,finished
591c9805-1da0-494b-a9c8-688245fe5f0b,be379a58-41f5-4cae-b6da-e8ce5443821f,1495145013741,1495145013749,1495145013749,1495146333733,0,a05a4ac2-7eb2-40a1-8259-111b961874c1,:instance.status/success,,c,2113.0,2.0,dummy_job,1319347,finished
591c9805-70a9-4030-bb05-0f5e9a010aab,3d5e5f0a-390c-4d74-8e43-314487d82875,1495145373737,1495149033735,1495149033735,1495150113733,1,eba83456-8596-44c2-9de5-fb29cfaf1647,:instance.status/success,,c,2092.0,3.0,dummy_job,1067620,finished
591c9805-54a5-458c-a9ee-34e54c56ec90,82a606f0-8c52-41a5-a106-c209f2327a22,1495145373733,1495149153735,1495149153735,1495150773733,3,a45be252-35f7-434a-8ec3-1e85265213ac,:instance.status/success,,d,2701.0,1.0,dummy_job,1597397,finished
591c9805-9501-4a40-b1b4-9ba984481f44,cac3577b-6b6c-458a-b051-442119c82fda,1495145253734,1495149183735,1495149183735,1495150173733,0,a05a4ac2-7eb2-40a1-8259-111b961874c1,:instance.status/success,,a,2813.0,3.0,dummy_job,964409,finished
591c9805-267a-4abe-8966-25e62b695a9d,56ed6d02-beff-4f73-b0ac-934ed50e1819,1495145313735,1495149213735,1495149213735,1495150323733,2,4696a9c8-fc9f-46b4-8a83-23b384f3f616,:instance.status/success,,c,2177.0,1.0,dummy_job,1101663,finished
591c9805-d4fd-4409-9d9c-60ff005e327f,09ce6725-7b72-4802-88ed-18ce9fd99a72,1495145433740,1495149273735,1495149273735,1495150473733,1,eba83456-8596-44c2-9de5-fb29cfaf1647,:instance.status/success,,c,2092.0,1.0,dummy_job,1172663,finished
591c9805-6c4f-4f6e-a66e-330f3272eeea,e08189b5-01cc-4226-93e9-7d5f9ae0d213,1495145373736,1495149333735,1495149333735,1495150713733,0,a05a4ac2-7eb2-40a1-8259-111b961874c1,:instance.status/success,,d,2868.0,1.0,dummy_job,1352540,finished
591c9805-8987-4f64-bcce-3b9b4737634b,006fd955-1fc6-4688-8940-7d8f6b202cb2,1495145373740,1495149333735,1495149333735,1495150593733,4,67194c23-61d6-4901-87a8-38d84af57f95,:instance.status/success,,d,2232.0,1.0,dummy_job,1259803,finished
591c9805-19a9-48e7-97c8-6663a44280c2,94d1911d-16cf-42e6-988d-dbfa02ae7f51,1495145193738,1495149453735,1495149453735,1495150893733,1,eba83456-8596-44c2-9de5-fb29cfaf1647,:instance.status/success,,c,2550.0,3.0,dummy_job,1423176,finished
591c9805-6412-4698-9a80-c04ad910d7d1,89730e7d-0e60-4520-82ed-6915d89ae163,1495145253745,1495149663735,1495149663735,1495150653733,2,4696a9c8-fc9f-46b4-8a83-23b384f3f616,:instance.status/success,,a,2349.0,2.0,dummy_job,971956,finished
591c97d8-c41d-4827-a646-2289910e0104,ddaf076f-4816-40a5-91a6-1191fa5d38c6,1495144893740,1495144893746,1495144893746,1495146153733,1,eba83456-8596-44c2-9de5-fb29cfaf1647,:instance.status/success,,b,2080.0,3.0,dummy_job,1247128,finished
591c97d8-6a71-4015-9062-372072f8dc5f,d240da6a-2759-46b0-b323-4aad5123b9ac,1495144893742,1495144893746,1495144893746,1495146183733,1,eba83456-8596-44c2-9de5-fb29cfaf1647,:instance.status/success,,d,2608.0,3.0,dummy_job,1270976,finished
591c9805-1e3c-41bd-be69-eb495116936d,6031948c-caa0-4519-80ae-cfcc773c95ba,1495145253740,1495149723735,1495149723735,1495150773733,2,4696a9c8-fc9f-46b4-8a83-23b384f3f616,:instance.status/success,,a,2632.0,1.0,dummy_job,1030435,finished
591c97d8-9061-41b2-9b09-78fc15fd37a6,6b5e1e26-a9b6-450a-a35e-ab73ad5d0040,1495144893734,1495144893746,1495144893746,1495146033733,2,4696a9c8-fc9f-46b4-8a83-23b384f3f616,:instance.status/success,,b,2688.0,3.0,dummy_job,1137685,finished
591c9805-141e-4049-9cf6-2d12c3c78336,0b1c58d8-7183-4022-9675-777062d35415,1495145253732,1495149723735,1495149723735,1495150713733,3,a45be252-35f7-434a-8ec3-1e85265213ac,:instance.status/success,,b,2986.0,1.0,dummy_job,986822,finished
591c97d8-308a-47be-8fe3-8d1a7442f783,84657048-17aa-499e-a979-0fd094d6acf6,1495144893735,1495144893746,1495144893746,1495146603733,2,4696a9c8-fc9f-46b4-8a83-23b384f3f616,:instance.status/success,,b,2833.0,2.0,dummy_job,1686852,finished
591c97d8-0c53-4e02-a1b5-82924ba3386d,b6642450-76aa-42e2-8999-b3d845377f7b,1495144893738,1495144893746,1495144893746,1495146633733,2,4696a9c8-fc9f-46b4-8a83-23b384f3f616,:instance.status/success,,c,2270.0,3.0,dummy_job,1710329,finished
591c97d8-94fd-419d-99af-21c8f94177e4,505301e0-b01f-4c68-aab4-22e5081a237d,1495144893741,1495144893746,1495144893746,1495146033733,2,4696a9c8-fc9f-46b4-8a83-23b384f3f616,:instance.status/success,,a,2095.0,2.0,dummy_job,1129021,finished
591c97d8-a492-4692-8639-df9ceb97d3f0,54a4e979-3f2d-4c07-9d5a-50d93c1b10d1,1495144893732,1495144893746,1495144893746,1495146243733,3,a45be252-35f7-434a-8ec3-1e85265213ac,:instance.status/success,,b,2877.0,3.0,dummy_job,1342741,finished
591c97d8-6ef0-427d-86e1-4edf738f8d97,8483b9fe-dc5d-478a-80a1-8bdd4735a53c,1495144893733,1495144893746,1495144893746,1495146543733,3,a45be252-35f7-434a-8ec3-1e85265213ac,:instance.status/success,,a,2008.0,3.0,dummy_job,1649093,finished
591c9805-0439-49a1-9e74-8a7fe1e4f773,562a5da4-3453-42f6-bfd1-25d6c919402f,1495145253736,1495149933735,1495149933735,1495150923733,0,a05a4ac2-7eb2-40a1-8259-111b961874c1,:instance.status/success,,b,2923.0,1.0,dummy_job,983931,finished
591c97d8-6704-43aa-897d-1ddf4c472322,a7d74249-60dc-4d41-ae34-db7d7cb318cc,1495144893739,1495144893746,1495144893746,1495146543733,3,a45be252-35f7-434a-8ec3-1e85265213ac,:instance.status/success,,d,2478.0,3.0,dummy_job,1637818,finished
591c97d8-a592-4bbc-b91f-fb5459082102,2e3432a9-c751-4a15-b7cd-951c2024b302,1495144893736,1495144893746,1495144893746,1495145823733,4,67194c23-61d6-4901-87a8-38d84af57f95,:instance.status/success,,d,2611.0,2.0,dummy_job,914887,finished
591c97d8-de12-4373-b2e7-c224849abd1f,fcc25f6e-93b4-47ef-86ca-a8db6e998022,1495144893737,1495144893746,1495144893746,1495145943733,4,67194c23-61d6-4901-87a8-38d84af57f95,:instance.status/success,,c,2860.0,1.0,dummy_job,1042667,finished
591c9805-584a-4dcd-b5b2-9a388ccac14e,c81b2d01-b52a-42f9-ade3-f93e2b33201f,1495145313732,1495150113735,1495150113735,1495151913733,1,eba83456-8596-44c2-9de5-fb29cfaf1647,:instance.status/success,,a,2132.0,1.0,dummy_job,1771676,finished
591c9805-0f7b-4c79-a284-4f01bca24001,8988c8cb-7b41-40f9-a9b0-ba22e504c670,1495145253737,1495150113735,1495150113735,1495151733733,4,67194c23-61d6-4901-87a8-38d84af57f95,:instance.status/success,,b,2480.0,2.0,dummy_job,1617308,finished
591c9805-7724-47da-925f-c8d695347e6f,444f2732-de34-41a1-84dd-63d4124ec902,1495144953739,1495145823735,1495145823735,1495146813733,0,a05a4ac2-7eb2-40a1-8259-111b961874c1,:instance.status/success,,d,2288.0,1.0,dummy_job,972318,finished
591c9805-b536-4a9a-a1ca-e4ef6092e06a,ce0bea25-600c-4ce8-90b7-00d40d6b30d7,1495144953743,1495145823735,1495145823735,1495147233733,4,67194c23-61d6-4901-87a8-38d84af57f95,:instance.status/success,,d,2744.0,1.0,dummy_job,1392621,finished
591c9805-e70e-4f5a-b32e-723bb84d619b,7d9a585c-7a76-47dd-bd7f-776e4472ed63,1495145313738,1495150173735,1495150173735,1495151433733,0,a05a4ac2-7eb2-40a1-8259-111b961874c1,:instance.status/success,,c,2743.0,1.0,dummy_job,1241889,finished
591c9805-13f5-4fa8-b5fd-71bb0d80fd8e,7c5c6544-cf8b-4fdc-9912-3e006b5a0c43,1495145013732,1495145883735,1495145883735,1495146543733,0,a05a4ac2-7eb2-40a1-8259-111b961874c1,:instance.status/success,,a,2670.0,3.0,dummy_job,643200,finished
591c9805-c92c-4de0-a761-c6eedb2ec050,d483c7bb-41d5-4eb9-81e0-62ed48f2b16b,1495145313733,1495150233735,1495150233735,1495151073733,4,67194c23-61d6-4901-87a8-38d84af57f95,:instance.status/success,,a,2331.0,2.0,dummy_job,821761,finished
591c9805-010f-48a7-83f9-8edae2a38752,d2f46801-4c43-42b9-94a6-53a45d99a414,1495144953742,1495145943735,1495145943735,1495146723733,4,67194c23-61d6-4901-87a8-38d84af57f95,:instance.status/success,,c,2183.0,3.0,dummy_job,779352,finished
591c9805-ff2c-487d-9b3c-e6daf71468fc,3bf67764-01e6-4fbc-bc9e-eb1fd798174e,1495145013735,1495145943735,1495145943735,1495147083733,4,67194c23-61d6-4901-87a8-38d84af57f95,:instance.status/success,,d,2237.0,3.0,dummy_job,1137253,finished
591c9805-c943-451d-8dcd-7abda2d1ae04,7850b329-ce2a-4318-89d1-a58fc9e9498f,1495145313740,1495150263735,1495150263735,1495151343733,1,eba83456-8596-44c2-9de5-fb29cfaf1647,:instance.status/success,,c,2710.0,3.0,dummy_job,1068379,finished
591c9805-73f5-4176-a080-c4b3491af778,832c2cfd-826a-4da3-9638-12eacd00ffa5,1495145313734,1495150263735,1495150263735,1495151583733,4,67194c23-61d6-4901-87a8-38d84af57f95,:instance.status/success,,a,2561.0,1.0,dummy_job,1305801,finished
591c9805-b791-49fc-a4e7-9c13365ab6d4,70584d8f-632b-4ea9-a176-64e387b30f0d,1495145013737,1495146003735,1495146003735,1495147083733,1,eba83456-8596-44c2-9de5-fb29cfaf1647,:instance.status/success,,c,2668.0,1.0,dummy_job,1072833,finished
591c9805-b677-4e63-a24d-ac3c812d543c,1e5fd98e-a4ef-4ec6-b0ee-a8f0a26ba12d,1495145253738,1495150323735,1495150323735,1495151253733,2,4696a9c8-fc9f-46b4-8a83-23b384f3f616,:instance.status/success,,b,2703.0,1.0,dummy_job,910866,finished
591c9805-b4bc-4ce1-aacc-2000b695a79b,56dae6f7-4127-45fc-b3f2-dc1ff2f5dd3a,1495145313736,1495150323735,1495150323735,1495150953733,2,4696a9c8-fc9f-46b4-8a83-23b384f3f616,:instance.status/success,,a,2314.0,2.0,dummy_job,609469,finished
591c9805-2db5-4cdd-a26b-837af1a27fca,a63670bb-65d6-440a-91e6-de788b3968a1,1495144953738,1495146033735,1495146033735,1495147353733,0,a05a4ac2-7eb2-40a1-8259-111b961874c1,:instance.status/success,,b,2478.0,2.0,dummy_job,1310620,finished
591c9805-eba6-41a1-b97e-0291f47211aa,e2f2ed79-1f89-4376-9a21-b1fd2133deec,1495145013742,1495146033735,1495146033735,1495147683733,2,4696a9c8-fc9f-46b4-8a83-23b384f3f616,:instance.status/success,,c,2174.0,3.0,dummy_job,1634462,finished
591c9805-5dbe-469e-8420-18183bf3717c,c2ba8b08-ae14-4cac-91d7-ee8e97c4a592,1495145013744,1495146033735,1495146033735,1495146843733,2,4696a9c8-fc9f-46b4-8a83-23b384f3f616,:instance.status/success,,a,2621.0,2.0,dummy_job,788378,finished
591c9805-1cb6-4435-971e-be5cf7c2b276,86a6364d-9540-4089-a51c-5afeb2f87d89,1495145433738,1495150473735,1495150473735,1495152123735,1,eba83456-8596-44c2-9de5-fb29cfaf1647,:instance.status/running,,c,2573.0,3.0,dummy_job,1794793,finished
591c9805-8778-4446-a119-a9e05abf3b5b,50fafc63-4e6d-4a20-8a94-e8c4d5cc6d86,1495145013739,1495146033735,1495146033735,1495146903733,4,67194c23-61d6-4901-87a8-38d84af57f95,:instance.status/success,,a,2797.0,3.0,dummy_job,856535,finished
591c9805-51dd-4c5f-9fce-818b37c93055,6bb57edd-baae-4dd8-b68a-60b0b93ccb13,1495145253739,1495150593735,1495150593735,1495152123733,4,67194c23-61d6-4901-87a8-38d84af57f95,:instance.status/success,,b,2376.0,3.0,dummy_job,1507039,finished
591c9805-d4e2-4380-b0d1-29093e4e1b7a,a421005f-9846-4888-a763-ad94ac8f6213,1495145013733,1495146153735,1495146153735,1495147713733,1,eba83456-8596-44c2-9de5-fb29cfaf1647,:instance.status/success,,b,2233.0,2.0,dummy_job,1533789,finished
591c9805-0ab7-4b7f-87e8-51f4650ba4f9,5118352f-82bc-4206-8e60-0e3b340eed20,1495145433739,1495150653735,1495150653735,1495151853733,2,4696a9c8-fc9f-46b4-8a83-23b384f3f616,:instance.status/success,,d,2144.0,3.0,dummy_job,1189909,finished
591c9805-c297-4bc6-a3a6-d32d6bfa9cce,e37696f6-67ca-4064-97dc-adc32c1ccd37,1495145433732,1495150653735,1495150653735,1495152123735,3,a45be252-35f7-434a-8ec3-1e85265213ac,:instance.status/running,,d,2643.0,2.0,dummy_job,1736564,finished
591c9805-98a5-4673-b8d0-92c443b59ab1,9c5f6f4a-9679-4b8e-a0b4-e727f824edf1,1495144953740,1495146183735,1495146183735,1495147563733,1,eba83456-8596-44c2-9de5-fb29cfaf1647,:instance.status/success,,b,2450.0,3.0,dummy_job,1379653,finished
591c9805-a3df-4920-ae39-6d261d56cc61,698a1104-07c3-4965-a146-c9318c160942,1495145013736,1495146243735,1495146243735,1495147533733,3,a45be252-35f7-434a-8ec3-1e85265213ac,:instance.status/success,,d,2892.0,1.0,dummy_job,1279902,finished
591c9805-57ef-4da1-a4a4-46c54964194f,0b48797f-4248-46fb-b64c-c9408aa6368e,1495145433741,1495150713735,1495150713735,1495152123735,0,a05a4ac2-7eb2-40a1-8259-111b961874c1,:instance.status/running,,d,2626.0,3.0,dummy_job,1442781,finished
591c9805-2694-4f3a-a83f-209b2b4fc585,8cf30f43-51a1-4c19-9597-ca8b97d6ba3e,1495145433733,1495150713735,1495150713735,1495152123735,3,a45be252-35f7-434a-8ec3-1e85265213ac,:instance.status/running,,d,2662.0,3.0,dummy_job,1439847,finished
591c9805-db51-432d-ab96-ec340aee78f6,14a0a628-4a97-445d-a37e-eabae78c94dd,1495145073736,1495146333735,1495146333735,1495147743733,0,a05a4ac2-7eb2-40a1-8259-111b961874c1,:instance.status/success,,c,2371.0,2.0,dummy_job,1386441,finished
591c9805-66b5-4ea0-b68c-062ea23ae7bc,74b9e9f7-683e-4000-a77b-35711d46ec1b,1495145313737,1495150773735,1495150773735,1495152123735,2,4696a9c8-fc9f-46b4-8a83-23b384f3f616,:instance.status/running,,a,2599.0,1.0,dummy_job,1379540,finished
591c9805-818f-4fe3-9ead-f86b01ba6cd5,c8aa3755-e4e1-4cb9-a9db-db32904fadd1,1495145433735,1495150773735,1495150773735,1495151673733,3,a45be252-35f7-434a-8ec3-1e85265213ac,:instance.status/success,,b,2060.0,2.0,dummy_job,894640,finished
591c9805-3f78-4083-abfc-88078414ba2d,3dda2192-9485-4fa5-9410-433cf5164b85,1495145433742,1495150773735,1495150773735,1495152063733,3,a45be252-35f7-434a-8ec3-1e85265213ac,:instance.status/success,,d,2425.0,3.0,dummy_job,1265907,finished
591c9805-7947-4773-bcbd-1b5bbd5b9e6e,15aeb38c-f943-402d-8f5e-bf7fb52431b5,1495145013738,1495146543735,1495146543735,1495147953733,0,a05a4ac2-7eb2-40a1-8259-111b961874c1,:instance.status/success,,d,2406.0,3.0,dummy_job,1381033,finished
591c9805-8b37-4ca7-92cb-130dec2f227f,50a659ec-e2b0-485e-86b9-7556dd40b659,1495145013745,1495146543735,1495146543735,1495148103733,1,eba83456-8596-44c2-9de5-fb29cfaf1647,:instance.status/success,,a,2389.0,3.0,dummy_job,1557088,finished
591c9805-d0f1-4bda-9c52-66b1c61016d2,751698fe-8f98-49c9-9125-9e431d57746b,1495145073732,1495146543735,1495146543735,1495148313733,3,a45be252-35f7-434a-8ec3-1e85265213ac,:instance.status/success,,a,2963.0,3.0,dummy_job,1764452,finished
591c9805-3f1a-4cee-9b1d-bfc42b8ecdda,04dd589a-4136-4fa9-8f29-88e2d40b8fd0,1495145313743,1495150893735,1495150893735,1495152123735,1,eba83456-8596-44c2-9de5-fb29cfaf1647,:instance.status/running,,a,2411.0,3.0,dummy_job,1403308,finished
591c9805-10af-425e-8a5b-7c4e4f69f7b5,0b14dd0f-1599-4afc-b777-561c3093a93e,1495145013734,1495146603735,1495146603735,1495147323733,2,4696a9c8-fc9f-46b4-8a83-23b384f3f616,:instance.status/success,,b,2294.0,2.0,dummy_job,710637,finished
591c9805-6f9c-4c61-adb3-b212c83acd61,abb08415-df3f-4995-b34e-f1e1f48956dd,1495145253741,1495150923735,1495150923735,1495152123735,0,a05a4ac2-7eb2-40a1-8259-111b961874c1,:instance.status/running,,b,2884.0,1.0,dummy_job,1442445,finished
591c9805-290d-4bdc-af3c-aff32163e232,c7315b6f-e305-4b20-a7ba-1ad3b11e2ebb,1495145073734,1495146633735,1495146633735,1495147413733,2,4696a9c8-fc9f-46b4-8a83-23b384f3f616,:instance.status/success,,a,2018.0,1.0,dummy_job,778186,finished
591c9805-6e90-4e69-917d-353fba762aa8,5db121be-d6b8-43d2-ad19-1b47368065b3,1495145373734,1495150953735,1495150953735,1495151613733,2,4696a9c8-fc9f-46b4-8a83-23b384f3f616,:instance.status/success,,a,2279.0,1.0,dummy_job,642468,finished
591c9805-62e6-4822-8c92-f5f88cfd537d,55a5a1d7-7262-4e80-a6f0-e146a7b193ac,1495145373739,1495151073735,1495151073735,1495152123735,4,67194c23-61d6-4901-87a8-38d84af57f95,:instance.status/running,,a,2329.0,1.0,dummy_job,1269026,finished
